<?xml version="1.0" encoding="UTF-8"?>
<project-private xmlns="http://www.netbeans.org/ns/project-private/1">
    <editor-bookmarks xmlns="http://www.netbeans.org/ns/editor-bookmarks/2" lastBookmarkId="0"/>
    <open-files xmlns="http://www.netbeans.org/ns/projectui-open-files/2">
        <group>
            <file>file:/C:/Users/ASUS/OneDrive/Documents/NetBeansProjects/catchthestarr/src/UsernamePanel.java</file>
            <file>file:/C:/Users/ASUS/OneDrive/Documents/NetBeansProjects/catchthestarr/src/Username.java</file>
            <file>file:/C:/Users/ASUS/OneDrive/Documents/NetBeansProjects/catchthestarr/src/GamePanelMedium.java</file>
            <file>file:/C:/Users/ASUS/OneDrive/Documents/NetBeansProjects/catchthestarr/src/GaamePanelHard.java</file>
            <file>file:/C:/Users/ASUS/OneDrive/Documents/NetBeansProjects/catchthestarr/src/GamePanel.java</file>
            <file>file:/C:/Users/ASUS/OneDrive/Documents/NetBeansProjects/catchthestarr/src/Connection.java</file>
        </group>
    </open-files>
</project-private>
